10,DCbOoqG5Ga
11,7qKFFhq2Xf
12,TMobJKIOiY
13,3QlP2pEjT6
14,2hSfpwNSYF
15,CVVp9Mo5x4
16,BKqxNg8gZl
17,tas76piP2w
18,IvODyBsfgr
19,6ypsIQysbm
20,L4Br4nDZSg
21,sUuY3Tb2QN
22,2LM6qoOUUH
23,jp1raOL4TO
24,lo2oZ7E3DH
25,yzICvodORR
26,aYmqbiAKJQ
27,FXci10qD57
28,TBJMQVCXhI
29,YEbcJv1b8Q
30,FqECMqFilC
31,mpMKjAf1ks
32,Zk63kec1sx
33,GzZqmbitqM
34,jDkStlRLzh
35,t616o0sbwM
36,OlljXL6aTk
37,xCiTW6f58V
38,yJf7rot7ha
39,4NBYBVWr7z
40,PX9tTlIeHv
41,X5FAgokL1o
42,qTpVZZrZ65
43,YPoudfkJph
44,f4fbOJzk6E
45,SMwPDoIDn5
46,PU8VtC68wV
47,qKpInpAsgL
48,V0JNs12Zrf
49,kDCtFNCqXq
50,lj2j3JDtqv
51,Vkcg6CrWtS
52,JQZ5WorKeo
53,hLcxBHlSKD
54,PBOqrHszu1
55,ILBGzEYv0r
56,lbmEYqvHpL
57,UV0af9BYB7
58,KPmymunInG
59,qXjBIWko8W
60,FPchdQHYIp
61,51yYocGyi1
62,YuB1gGTBh6
63,ggYpWIND6t
64,xtnlR0V0tb
65,3puLD4Ha51
66,mwdSH92CUa
67,ek8RLOUIv6
68,CBWyc27kkk
69,vn2Rrb3nws
70,HJVPmk70kn
71,urUN4M3cj9
72,mdDlQcQwx6
73,oBgt1FfhlF
74,5TGCZfGByW
75,S6tkTaObyI
76,1rCILhrm8G
77,xLzlUNpFBb
78,8zokwkoPn6
79,6rqVOXojVA
80,0kip6ioUQT
81,dj4Bg2EOVC
82,mQSH6XqXHY
83,y2YK5i4alB
84,FSUnFCB84H
85,zmo3rb61Lq
86,wwdVzlsgzV
87,K8LndLA8pS
88,jnCC2OBXJ5
89,7V3I7ssfPx
90,VikpjT4Yx3
91,FE9t084JkS
92,7gAC0FiVAE
93,RIa5harBfM
94,fVhLfPRgUZ
95,HCtniCiqhH
96,ebymedSgpN
97,UnrgX8r7wt
98,6fLwnmmCoB
99,xzjfUTmgTU
100,7jggZIW6il
101,wf7n3FduVS
102,08MgLuiUry
103,SHU2u9PgiJ
104,vLQ5Q2qbjx
105,YeGUkHPFRk
106,vE00gJRJbQ
107,wSLzNLNi83
108,Q89jbITh0Y
109,6QB6oA5kad
110,Pz8RZB4jE2
111,fyEraYRwEl
112,dGBRUAmjw4
113,QUT1jc5sVm
114,H6pkcs4W6J
115,ma4BPvPfRv
116,8IFz5cvNhW
117,IjsC9H3BVg
118,5KvBcqRXXq
119,jLcZno9RKL
120,qxKlt82GVC
121,66OJI3Hs36
122,beZ5H4qq6s
123,cpszi1bVFW
124,2JyC4ZSsI1
125,tRP1tBekhu
126,DJGx9FEQfb
127,sv0RNcBGax
128,NcueoXaryr
129,xNeLDQ6S7m
130,LbfwNs5GRr
131,67CQ07C60F
132,zj2iV0t3YG
133,27tZ3erqxP
134,SMZcZ4RPJN
135,vkUI38UqND
136,0d1eZM65QD
137,0DIb2RIotQ
138,ZyEeoOlOt6
139,Q00zrXGD1p
140,p3wNJBgIqF
141,CdD4RnEvb9
142,KLLp0ecBlc
143,3NFSvXS2YL
144,bGHo4R0AIb
145,VCMbqesI4c
146,RqPHN0BavD
147,cATHxS0DY1
148,QuXm7jUTK8
149,Z8urmBwgUd
150,UgNHcp4gfu
151,tusyMQB6xQ
152,13PiwBzPZB
153,RVEGGdl4uW
154,limTrrFXYZ
155,Sp3bbKunc8
156,qZvvJs1XrQ
157,nmTBxYcP08
158,TXihGmhryC
159,Xn62Si3XGn
160,FovoMl5ZLr
161,YAnQM2Ik7o
162,0qE3TUoyFh
163,yFx5C1Dvg5
164,bG5W1ZRZrC
165,2oFSejLrhn
166,UKKaoHEFmO
167,szydKfeg2T
168,ycyZGQYXPP
169,76ogujGxkQ
170,1tdqMuQVXd
171,JHAXOVkmVw
172,LcrH4QNtmR
173,rALUOeEdOR
174,qF8Oh8MK0Q
175,IR26rZj2DV
176,OEWg61b9gQ
177,pnNBlMpgLO
178,ToYeM2jK2H
179,9KPYCeZqN8
180,TjGmBCaTCs
181,lPvIVivkvw
182,2ecHUMVTCB
183,ea1OTQanBU
184,vPxUdk0yVO
185,ZtPnpLKrp4
186,AqbfyIXlPB
187,TYTOpMgCnO
188,jNCmnhUrrc
189,HXGb9HFp9Y
190,cr042W25SH
191,DuJtBoGD39
192,sH1cMl5djo
193,To8kI89QBX
194,ntKRxEH0yk
195,zkq4UsjJQ9
196,lgylkqPmje
197,wLpMbMumVk
198,JNHgq2mcN8
199,rC40s7j9Di
200,Vpak7gJUzq
201,uwxu5sJqqF
202,wWDd5SKrJt
203,UeMJPj1oUn
204,fDSDj5pYLx
205,LdimRvwq2K
206,VPeHTUS1QW
207,NUALbzaYL5
208,TcPr5fhxkh
209,tXUmfHReFu
210,8Y0WGhLjRa
211,xC1XbkIGMV
212,qyjBrPbMqr
213,ChpmyMzczN
214,o4GXHip7vv
215,PyL5pKxHHn
216,n7gpnBL0F0
217,SPQHKBD630
218,x0WEWXbe5n
219,gBc9dPaMcb
220,RTrfjt2rpY
221,PdShK4stZi
222,lqMqXp8Idj
223,0LLI0iZVj0
224,cgFabCrFY0
225,huqd3F1NSw
226,f7yQs2lwlk
227,GUiVNaFmOO
228,ZUyuUvZJ2g
229,GzBpDUh488
230,2ThOyixt9r
231,wJwDU8Fe2t
232,hKmTz1pRDZ
233,TZJImUUeMc
234,4qEfHc4u4v
235,Npa7a1Imiy
236,c6ybnpFLG5
237,0FdUqKyFa4
238,nsaOQkH7oP
239,LjVtBKJElZ
240,UdAKWIuCj5
241,zdviklMBDt
242,0sPr10rnTj
243,wrerqSYRML
244,vgcTVU5PVG
245,7gWBPeXgmF
246,78UgKYDfBl
247,pempSKglNC
248,5Uq1kCbWhD
249,aWeOC6KHaD
250,i2W56Fc2Jb
251,2os5bynKiY
252,FbxxnqaUts
253,b2Ib4Tynpv
254,wQkCcS2j5K
255,eVKYbOp6YJ
256,dnA0JyjT6I
257,vSDJ23Ijcy
258,XnIvuGbGB7
259,78LAktr7SQ
260,Si64iCFLO1
261,RErjsR4g6N
262,tmCv6WNZSB
263,qK4W26nYLz
264,5qPYJaRn5m
265,Pgn0B7rp3a
266,JNvx9eHWBE
267,Kp0MH6GvrW
268,EYD9LjB6HT
269,W7Z41bDNP6
270,oY7UhqoTNf
271,foyLyr4VtJ
272,OecCHcvpiQ
273,dPTNF7igbd
274,PlphLHsC9c
275,WLv3vmmYK6
276,7e08COtMKq
277,UhjB6GxllL
278,f5dFA17Xqm
279,IFnIDNE3yW
280,AAyMpqhDNh
281,lnw27a2SDd
282,3XduuUlNhI
283,4YqC0Y3m9v
284,CH75igIuLZ
285,ihK42L52yU
286,VsBDkHjF3T
287,zqwRTZYym2
288,IzxEevZHDv
289,I7LfhuL7Ki
290,N5kpTRU0Kg
291,ufvbrYm5b2
292,igHArYbXn6
293,uL4CL7GvI2
294,0QoaudvZlU
295,QEzqi8hKQv
296,H0CARfK8H5
297,repxC0EOLZ
298,6nh2Hx9PMn
299,TJRpkyDzmx
300,PSqYuFq743
301,avsHRdlGkx
302,vPsDttNFmq
303,6oYnaPQU2t
304,bk5O5NYkLP
305,P7Qvptpucv
306,FJm4Z8ZOY1
307,F4wd4c2E79
308,dSJvKJeEPt
309,SRQfs2E7zQ
